model,accuracy,accuracy_median_boot,accuracy_CI,sensitivity,sensitivity_median_boot,sensitivity_CI,auc,auc_median_boot,auc_CI,confusion,fpr_grid,tpr_med,tpr_band
LogisticRegression,0.8215384615384616,0.8215384615384616,"(np.float64(0.8040897435897436), np.float64(0.8379615384615384))",0.2558746736292428,0.2558746736292428,"(np.float64(0.21051632245169885), np.float64(0.298436118854967))",0.8120304384990027,0.8118200163260687,"(np.float64(0.7881186456840495), np.float64(0.8345326627773649))","[[1504   63]
 [ 285   98]]","[0.         0.00502513 0.01005025 0.01507538 0.0201005  0.02512563
 0.03015075 0.03517588 0.04020101 0.04522613 0.05025126 0.05527638
 0.06030151 0.06532663 0.07035176 0.07537688 0.08040201 0.08542714
 0.09045226 0.09547739 0.10050251 0.10552764 0.11055276 0.11557789
 0.12060302 0.12562814 0.13065327 0.13567839 0.14070352 0.14572864
 0.15075377 0.15577889 0.16080402 0.16582915 0.17085427 0.1758794
 0.18090452 0.18592965 0.19095477 0.1959799  0.20100503 0.20603015
 0.21105528 0.2160804  0.22110553 0.22613065 0.23115578 0.2361809
 0.24120603 0.24623116 0.25125628 0.25628141 0.26130653 0.26633166
 0.27135678 0.27638191 0.28140704 0.28643216 0.29145729 0.29648241
 0.30150754 0.30653266 0.31155779 0.31658291 0.32160804 0.32663317
 0.33165829 0.33668342 0.34170854 0.34673367 0.35175879 0.35678392
 0.36180905 0.36683417 0.3718593  0.37688442 0.38190955 0.38693467
 0.3919598  0.39698492 0.40201005 0.40703518 0.4120603  0.41708543
 0.42211055 0.42713568 0.4321608  0.43718593 0.44221106 0.44723618
 0.45226131 0.45728643 0.46231156 0.46733668 0.47236181 0.47738693
 0.48241206 0.48743719 0.49246231 0.49748744 0.50251256 0.50753769
 0.51256281 0.51758794 0.52261307 0.52763819 0.53266332 0.53768844
 0.54271357 0.54773869 0.55276382 0.55778894 0.56281407 0.5678392
 0.57286432 0.57788945 0.58291457 0.5879397  0.59296482 0.59798995
 0.60301508 0.6080402  0.61306533 0.61809045 0.62311558 0.6281407
 0.63316583 0.63819095 0.64321608 0.64824121 0.65326633 0.65829146
 0.66331658 0.66834171 0.67336683 0.67839196 0.68341709 0.68844221
 0.69346734 0.69849246 0.70351759 0.70854271 0.71356784 0.71859296
 0.72361809 0.72864322 0.73366834 0.73869347 0.74371859 0.74874372
 0.75376884 0.75879397 0.7638191  0.76884422 0.77386935 0.77889447
 0.7839196  0.78894472 0.79396985 0.79899497 0.8040201  0.80904523
 0.81407035 0.81909548 0.8241206  0.82914573 0.83417085 0.83919598
 0.84422111 0.84924623 0.85427136 0.85929648 0.86432161 0.86934673
 0.87437186 0.87939698 0.88442211 0.88944724 0.89447236 0.89949749
 0.90452261 0.90954774 0.91457286 0.91959799 0.92462312 0.92964824
 0.93467337 0.93969849 0.94472362 0.94974874 0.95477387 0.95979899
 0.96482412 0.96984925 0.97487437 0.9798995  0.98492462 0.98994975
 0.99497487 1.        ]","[0.         0.08730159 0.13720317 0.1454554  0.16046366 0.18733788
 0.21136116 0.23687438 0.25397226 0.26747891 0.28369516 0.29831636
 0.3136488  0.33070866 0.34506109 0.36239144 0.37789325 0.39154184
 0.40288143 0.41183769 0.42145847 0.42971898 0.44206084 0.45372997
 0.46736203 0.48691099 0.50417056 0.52072844 0.54267461 0.56572302
 0.58193728 0.59459701 0.60503165 0.61331319 0.62196769 0.62909413
 0.63672002 0.64458509 0.65359457 0.6640205  0.67140235 0.68090811
 0.68749837 0.69260799 0.69793157 0.70266744 0.7076108  0.71411401
 0.71989529 0.72528585 0.73056244 0.73595252 0.74226722 0.74670148
 0.75128259 0.75520833 0.76056098 0.7681352  0.77460968 0.78172795
 0.78682498 0.79209387 0.79575522 0.8        0.80315015 0.80653266
 0.81169287 0.81491411 0.81916524 0.82258065 0.8252198  0.82893152
 0.83245377 0.83522948 0.83898335 0.84148114 0.84447367 0.84646206
 0.84917555 0.85133165 0.85427047 0.85822777 0.86179883 0.86604674
 0.86973626 0.87288116 0.87564767 0.87832513 0.8810748  0.88335441
 0.885976   0.88743455 0.88960609 0.8919988  0.89507033 0.89757412
 0.89944387 0.90314136 0.90463918 0.90659341 0.90833333 0.90956072
 0.90958949 0.91084035 0.91122892 0.91144345 0.91168461 0.91218937
 0.91264871 0.91410196 0.91492104 0.91527739 0.91633973 0.91676854
 0.91750075 0.91809662 0.91957405 0.92265138 0.92576923 0.93026373
 0.93298278 0.93646409 0.9383995  0.94054054 0.94245419 0.9447995
 0.94690475 0.95039164 0.95342812 0.95601709 0.95812808 0.96057726
 0.96305419 0.9651472  0.96850394 0.96953612 0.9708126  0.97131304
 0.97146558 0.97161617 0.971849   0.97218706 0.97276216 0.97416021
 0.97557662 0.97791408 0.98060942 0.9833795  0.98618785 0.98898063
 0.9902439  0.99192462 0.9921466  0.99221789 0.99230769 0.9924812
 0.99411352 0.99460188 0.99475066 0.99480519 0.99489143 0.9949174
 0.99492386 0.99492386 0.99492386 0.99492386 0.99492386 0.99492386
 0.99492386 0.99495586 0.99507389 0.99714693 0.99730821 0.99739243
 0.99742599 0.99744898 0.99746193 0.99748744 0.99757575 1.
 1.         1.         1.         1.         1.         1.
 1.         1.         1.         1.         1.         1.
 1.         1.         1.         1.         1.         1.
 1.         1.        ]","(array([0.        , 0.01886792, 0.09685557, 0.11170176, 0.12273771,
       0.13443857, 0.15637435, 0.18049339, 0.20209843, 0.21957207,
       0.22572178, 0.24146646, 0.2573125 , 0.27430079, 0.28571429,
       0.30024033, 0.31571316, 0.33057548, 0.34256631, 0.3564267 ,
       0.36472377, 0.37010915, 0.37466777, 0.3852508 , 0.40312005,
       0.41343631, 0.42937313, 0.44586478, 0.46007536, 0.47637711,
       0.49395618, 0.51967333, 0.53479699, 0.55349033, 0.56458061,
       0.57083175, 0.58031186, 0.58520084, 0.59277431, 0.60549667,
       0.61128779, 0.61921568, 0.62703297, 0.64065272, 0.64294619,
       0.65338983, 0.6575055 , 0.66451464, 0.67053781, 0.67419459,
       0.67915578, 0.68637569, 0.6909751 , 0.69498561, 0.69973485,
       0.70861417, 0.71192905, 0.71665637, 0.72229415, 0.72837559,
       0.73543739, 0.74439257, 0.74933938, 0.75302457, 0.75756765,
       0.7611328 , 0.76516591, 0.76882217, 0.77313498, 0.77703847,
       0.78097251, 0.78301051, 0.78543722, 0.78927184, 0.79423635,
       0.79677451, 0.80073779, 0.80498526, 0.80999852, 0.81256477,
       0.81438054, 0.81639809, 0.8176148 , 0.82039983, 0.82499326,
       0.8313621 , 0.83549723, 0.84055797, 0.84514436, 0.84555537,
       0.84957071, 0.85161993, 0.8545694 , 0.85822271, 0.85976606,
       0.8633498 , 0.8652446 , 0.86870027, 0.87158288, 0.87426264,
       0.87734042, 0.87881717, 0.88145514, 0.88188976, 0.88188976,
       0.88220207, 0.88220207, 0.88289014, 0.8845175 , 0.88537891,
       0.88574765, 0.88630163, 0.88713911, 0.8871766 , 0.8871766 ,
       0.88930446, 0.89169008, 0.89185778, 0.89192745, 0.89586469,
       0.9017821 , 0.90509417, 0.90940687, 0.91309682, 0.91554265,
       0.91801745, 0.92035377, 0.92129007, 0.92431514, 0.92857143,
       0.93050369, 0.93566274, 0.93782372, 0.94124775, 0.94451092,
       0.94848042, 0.95032347, 0.95219156, 0.95311152, 0.95339804,
       0.95339804, 0.95339804, 0.95390222, 0.95401998, 0.95469863,
       0.95777778, 0.95984685, 0.96249588, 0.96657646, 0.96923727,
       0.97222222, 0.97599845, 0.97902873, 0.98169056, 0.98193429,
       0.98220728, 0.98303175, 0.98388911, 0.98439204, 0.98496241,
       0.9851167 , 0.9851167 , 0.98579338, 0.98579338, 0.98604984,
       0.98604984, 0.98604984, 0.98604984, 0.98604984, 0.98604984,
       0.98650539, 0.98701121, 0.98778307, 0.98903776, 0.98948528,
       0.98986899, 0.99004548, 0.99082322, 0.99181129, 0.9920808 ,
       0.99448956, 0.99492076, 1.        , 1.        , 1.        ,
       1.        , 1.        , 1.        , 1.        , 1.        ,
       1.        , 1.        , 1.        , 1.        , 1.        ,
       1.        , 1.        , 1.        , 1.        , 1.        ]), array([0.        , 0.15996105, 0.18418865, 0.19441206, 0.21562032,
       0.25064655, 0.2700133 , 0.29351959, 0.30840591, 0.32731744,
       0.34772135, 0.36016213, 0.37869633, 0.39316048, 0.41287784,
       0.42588761, 0.4391497 , 0.45017896, 0.46185029, 0.46754743,
       0.47831996, 0.49137539, 0.50599865, 0.52496883, 0.54002713,
       0.56163306, 0.58609099, 0.60797448, 0.62834612, 0.63822374,
       0.65006854, 0.65739978, 0.66674966, 0.67359171, 0.68312695,
       0.69033514, 0.69758287, 0.709861  , 0.71567836, 0.7251374 ,
       0.73180167, 0.73627289, 0.74222978, 0.74481986, 0.75257732,
       0.75692762, 0.76050878, 0.76661305, 0.77318774, 0.77544007,
       0.78516007, 0.78824242, 0.79332542, 0.79948858, 0.80154461,
       0.81326308, 0.8154404 , 0.82637372, 0.83172327, 0.8342711 ,
       0.84090834, 0.84333861, 0.84525873, 0.84824714, 0.85081137,
       0.85606485, 0.8595507 , 0.86248299, 0.8646025 , 0.86624484,
       0.86733503, 0.86904007, 0.8726651 , 0.87485412, 0.87927069,
       0.8813132 , 0.88340138, 0.88485141, 0.88485141, 0.88918257,
       0.8927659 , 0.89758978, 0.90214401, 0.90399215, 0.90399215,
       0.9068608 , 0.90814791, 0.91121537, 0.91359221, 0.91655388,
       0.91879607, 0.920185  , 0.92388847, 0.92559471, 0.92922756,
       0.93170455, 0.93207964, 0.93482531, 0.93575484, 0.93729584,
       0.93897343, 0.93897343, 0.93969849, 0.94104361, 0.94104361,
       0.94204557, 0.94204557, 0.94204557, 0.94252103, 0.94252103,
       0.94347019, 0.94347019, 0.94347019, 0.94360272, 0.9448181 ,
       0.94678401, 0.95207662, 0.95365675, 0.95471976, 0.95652174,
       0.95799643, 0.9616818 , 0.96232193, 0.96403475, 0.96604352,
       0.96867228, 0.97162341, 0.97450335, 0.97584595, 0.97832716,
       0.97869645, 0.98111013, 0.98376659, 0.98467528, 0.98469388,
       0.98623352, 0.98773773, 0.98888037, 0.98928066, 0.98928066,
       0.98928066, 0.98953226, 0.98971722, 0.99181762, 0.99246231,
       0.99473142, 0.99736571, 0.99753458, 1.        , 1.        ,
       1.        , 1.        , 1.        , 1.        , 1.        ,
       1.        , 1.        , 1.        , 1.        , 1.        ,
       1.        , 1.        , 1.        , 1.        , 1.        ,
       1.        , 1.        , 1.        , 1.        , 1.        ,
       1.        , 1.        , 1.        , 1.        , 1.        ,
       1.        , 1.        , 1.        , 1.        , 1.        ,
       1.        , 1.        , 1.        , 1.        , 1.        ,
       1.        , 1.        , 1.        , 1.        , 1.        ,
       1.        , 1.        , 1.        , 1.        , 1.        ,
       1.        , 1.        , 1.        , 1.        , 1.        ]))"
KNN,0.8235897435897436,0.8235897435897436,"(np.float64(0.8066666666666666), np.float64(0.8400128205128204))",0.4804177545691906,0.4809272234783193,"(np.float64(0.4296396829907894), np.float64(0.5286649816176471))",0.8316301792352385,0.8317373439711104,"(np.float64(0.8089334506185868), np.float64(0.8545791754017068))","[[1422  145]
 [ 199  184]]","[0.         0.00502513 0.01005025 0.01507538 0.0201005  0.02512563
 0.03015075 0.03517588 0.04020101 0.04522613 0.05025126 0.05527638
 0.06030151 0.06532663 0.07035176 0.07537688 0.08040201 0.08542714
 0.09045226 0.09547739 0.10050251 0.10552764 0.11055276 0.11557789
 0.12060302 0.12562814 0.13065327 0.13567839 0.14070352 0.14572864
 0.15075377 0.15577889 0.16080402 0.16582915 0.17085427 0.1758794
 0.18090452 0.18592965 0.19095477 0.1959799  0.20100503 0.20603015
 0.21105528 0.2160804  0.22110553 0.22613065 0.23115578 0.2361809
 0.24120603 0.24623116 0.25125628 0.25628141 0.26130653 0.26633166
 0.27135678 0.27638191 0.28140704 0.28643216 0.29145729 0.29648241
 0.30150754 0.30653266 0.31155779 0.31658291 0.32160804 0.32663317
 0.33165829 0.33668342 0.34170854 0.34673367 0.35175879 0.35678392
 0.36180905 0.36683417 0.3718593  0.37688442 0.38190955 0.38693467
 0.3919598  0.39698492 0.40201005 0.40703518 0.4120603  0.41708543
 0.42211055 0.42713568 0.4321608  0.43718593 0.44221106 0.44723618
 0.45226131 0.45728643 0.46231156 0.46733668 0.47236181 0.47738693
 0.48241206 0.48743719 0.49246231 0.49748744 0.50251256 0.50753769
 0.51256281 0.51758794 0.52261307 0.52763819 0.53266332 0.53768844
 0.54271357 0.54773869 0.55276382 0.55778894 0.56281407 0.5678392
 0.57286432 0.57788945 0.58291457 0.5879397  0.59296482 0.59798995
 0.60301508 0.6080402  0.61306533 0.61809045 0.62311558 0.6281407
 0.63316583 0.63819095 0.64321608 0.64824121 0.65326633 0.65829146
 0.66331658 0.66834171 0.67336683 0.67839196 0.68341709 0.68844221
 0.69346734 0.69849246 0.70351759 0.70854271 0.71356784 0.71859296
 0.72361809 0.72864322 0.73366834 0.73869347 0.74371859 0.74874372
 0.75376884 0.75879397 0.7638191  0.76884422 0.77386935 0.77889447
 0.7839196  0.78894472 0.79396985 0.79899497 0.8040201  0.80904523
 0.81407035 0.81909548 0.8241206  0.82914573 0.83417085 0.83919598
 0.84422111 0.84924623 0.85427136 0.85929648 0.86432161 0.86934673
 0.87437186 0.87939698 0.88442211 0.88944724 0.89447236 0.89949749
 0.90452261 0.90954774 0.91457286 0.91959799 0.92462312 0.92964824
 0.93467337 0.93969849 0.94472362 0.94974874 0.95477387 0.95979899
 0.96482412 0.96984925 0.97487437 0.9798995  0.98492462 0.98994975
 0.99497487 1.        ]","[0.         0.11295943 0.16434214 0.20725315 0.23952537 0.27222017
 0.30355014 0.33087792 0.35081369 0.36425062 0.37725006 0.38942984
 0.40190013 0.41418053 0.42614559 0.43830443 0.45124513 0.46441883
 0.47592962 0.48800674 0.5004384  0.51324153 0.52524785 0.53711237
 0.54851318 0.56014446 0.57147241 0.58371231 0.59529509 0.60746028
 0.61824699 0.62887879 0.63802068 0.64694832 0.65568447 0.6641496
 0.67221662 0.67999097 0.68748977 0.6953391  0.70327321 0.71074594
 0.71848239 0.72601217 0.73391869 0.74213147 0.75004476 0.75836443
 0.76610702 0.77367104 0.78126872 0.78853229 0.79474242 0.80042006
 0.8047233  0.80874235 0.81191362 0.81538835 0.81865841 0.82200203
 0.82531288 0.82870468 0.83231493 0.83575825 0.8394536  0.84301916
 0.84645448 0.85002208 0.85371168 0.85722282 0.86072912 0.86423699
 0.8679367  0.87155437 0.87504686 0.87844148 0.88159355 0.8852831
 0.88857323 0.89215437 0.89565096 0.89904832 0.9024383  0.90567781
 0.90885859 0.91163027 0.91363774 0.91552252 0.91704856 0.91875932
 0.91958418 0.92041614 0.9212514  0.92198737 0.92272333 0.9234593
 0.92419527 0.92493124 0.92566721 0.92640318 0.92713914 0.92787511
 0.92861108 0.92934705 0.93008302 0.93081898 0.93155495 0.93229092
 0.93302689 0.93376286 0.93449883 0.93523479 0.93597076 0.93670673
 0.9374427  0.93817867 0.93891464 0.9396506  0.94038657 0.94112254
 0.94185851 0.94259448 0.94333044 0.94406641 0.94480238 0.94553835
 0.94627432 0.94701029 0.94774625 0.94848222 0.94921819 0.94995416
 0.95069013 0.9514261  0.95216206 0.95289803 0.953634   0.95436997
 0.95510594 0.95584191 0.95657787 0.95731384 0.95804981 0.95878578
 0.95952175 0.96025771 0.96099368 0.96172965 0.96246562 0.96320159
 0.96393756 0.96467352 0.96540949 0.96614546 0.96688143 0.9676174
 0.96835337 0.96908933 0.9698253  0.97056127 0.97129724 0.97203321
 0.97276917 0.97350514 0.97424111 0.97497708 0.97571305 0.97644902
 0.97718498 0.97792095 0.97865692 0.97939289 0.98012886 0.98086483
 0.98160079 0.98233676 0.98307273 0.9838087  0.98454467 0.98528064
 0.9860166  0.98675257 0.98748854 0.98822451 0.98896048 0.98969644
 0.99043241 0.99116838 0.99190435 0.99264032 0.99337629 0.99411225
 0.99484822 0.99558419 0.99632016 0.99705613 0.9977921  0.99852806
 0.99926403 1.        ]","(array([0.        , 0.0688809 , 0.11173464, 0.14880796, 0.18348879,
       0.21160217, 0.23940408, 0.26852606, 0.2948378 , 0.31042069,
       0.32398595, 0.33737527, 0.34829213, 0.35995337, 0.37266191,
       0.38460398, 0.39647263, 0.40745144, 0.4175155 , 0.4280659 ,
       0.44079733, 0.45394792, 0.46686671, 0.47872822, 0.49043117,
       0.50174519, 0.5136635 , 0.52664831, 0.53910913, 0.55130409,
       0.56227123, 0.5730014 , 0.58334736, 0.59186302, 0.60135097,
       0.61000304, 0.618976  , 0.62812126, 0.6376044 , 0.64565521,
       0.65418862, 0.66278878, 0.671983  , 0.67953307, 0.6867097 ,
       0.69491667, 0.70360584, 0.71227185, 0.72069498, 0.72754768,
       0.73465708, 0.7414273 , 0.748553  , 0.75501569, 0.75965231,
       0.76527417, 0.77045457, 0.7749607 , 0.77941244, 0.78333357,
       0.78708779, 0.7911377 , 0.79514015, 0.79887737, 0.80261459,
       0.80627538, 0.81005615, 0.81382626, 0.81756349, 0.82130071,
       0.82512381, 0.82901734, 0.83316963, 0.83714544, 0.84096048,
       0.84535832, 0.84902506, 0.85231606, 0.85560707, 0.85932282,
       0.86276057, 0.86622193, 0.86983365, 0.87332284, 0.87657668,
       0.87993184, 0.88332435, 0.88586377, 0.88770197, 0.89023158,
       0.89131802, 0.89285367, 0.89384577, 0.89483786, 0.89582996,
       0.89682205, 0.89781415, 0.89880624, 0.89979834, 0.90079044,
       0.90178253, 0.90277463, 0.90376672, 0.90475882, 0.90575091,
       0.90674301, 0.90773511, 0.9087272 , 0.9097193 , 0.91071139,
       0.91170349, 0.91269558, 0.91368768, 0.91467977, 0.91567187,
       0.91666397, 0.91765606, 0.91864816, 0.91964025, 0.92063235,
       0.92162444, 0.92261654, 0.92360864, 0.92460073, 0.92559283,
       0.92658492, 0.92757702, 0.92856911, 0.92956121, 0.9305533 ,
       0.9315454 , 0.9325375 , 0.93352959, 0.93452169, 0.93551378,
       0.93650588, 0.93749797, 0.93849007, 0.93948217, 0.94047426,
       0.94146636, 0.94245845, 0.94345055, 0.94444264, 0.94543474,
       0.94642684, 0.94741893, 0.94841103, 0.94940312, 0.95039522,
       0.95138731, 0.95237941, 0.9533715 , 0.9543636 , 0.9553557 ,
       0.95634779, 0.95733989, 0.95833198, 0.95932408, 0.96031617,
       0.96130827, 0.96230037, 0.96329246, 0.96428456, 0.96527665,
       0.96626875, 0.96726084, 0.96825294, 0.96924504, 0.97023713,
       0.97122923, 0.97222132, 0.97321342, 0.97420551, 0.97519761,
       0.9761897 , 0.9771818 , 0.9781739 , 0.97916599, 0.98015809,
       0.98115018, 0.98214228, 0.98313437, 0.98412647, 0.98511857,
       0.98611066, 0.98710276, 0.98809485, 0.98908695, 0.99007904,
       0.99107114, 0.99206323, 0.99305533, 0.99404743, 0.99503952,
       0.99603162, 0.99702371, 0.99801581, 0.9990079 , 1.        ]), array([0.        , 0.15771725, 0.22827793, 0.26215393, 0.29721225,
       0.33533267, 0.36704015, 0.39118827, 0.40707966, 0.41991487,
       0.43101237, 0.44407882, 0.45835768, 0.4710899 , 0.4839752 ,
       0.4964601 , 0.51022696, 0.52325709, 0.53379201, 0.5455359 ,
       0.55737088, 0.56865708, 0.58211643, 0.59501202, 0.60617746,
       0.62048723, 0.63442101, 0.64583222, 0.65575379, 0.66672868,
       0.67805217, 0.68683978, 0.69438958, 0.70184523, 0.71030412,
       0.71787472, 0.72520938, 0.73256944, 0.74100059, 0.74905041,
       0.75592888, 0.76301432, 0.77100289, 0.77804548, 0.78531718,
       0.7929362 , 0.80147463, 0.80965808, 0.81751724, 0.82535269,
       0.83239478, 0.83860799, 0.84227456, 0.84463896, 0.84876928,
       0.85117038, 0.85376371, 0.8565468 , 0.85917507, 0.86184018,
       0.86509051, 0.86813231, 0.87088559, 0.87372403, 0.87685643,
       0.87911448, 0.88237521, 0.88582571, 0.88849622, 0.89098172,
       0.89369867, 0.89673854, 0.90083277, 0.90426971, 0.90755881,
       0.9104106 , 0.91321703, 0.9160724 , 0.91950382, 0.92293237,
       0.92602654, 0.92840524, 0.93147339, 0.93510602, 0.93754626,
       0.93997711, 0.94221228, 0.94388709, 0.94466858, 0.94537337,
       0.94586997, 0.94636658, 0.94686318, 0.94735979, 0.9478564 ,
       0.948353  , 0.94884961, 0.94934621, 0.94984282, 0.95033942,
       0.95083603, 0.95133264, 0.95182924, 0.95232585, 0.95282245,
       0.95331906, 0.95381567, 0.95431227, 0.95480888, 0.95530548,
       0.95580209, 0.95629869, 0.9567953 , 0.95729191, 0.95778851,
       0.95828512, 0.95878172, 0.95927833, 0.95977493, 0.96027154,
       0.96076815, 0.96126475, 0.96176136, 0.96225796, 0.96275457,
       0.96325117, 0.96374778, 0.96424439, 0.96474099, 0.9652376 ,
       0.9657342 , 0.96623081, 0.96672741, 0.96722402, 0.96772063,
       0.96821723, 0.96871384, 0.96921044, 0.96970705, 0.97020365,
       0.97070026, 0.97119687, 0.97169347, 0.97219008, 0.97268668,
       0.97318329, 0.9736799 , 0.9741765 , 0.97467311, 0.97516971,
       0.97566632, 0.97616292, 0.97665953, 0.97715614, 0.97765274,
       0.97814935, 0.97864595, 0.97914256, 0.97963916, 0.98013577,
       0.98063238, 0.98112898, 0.98162559, 0.98212219, 0.9826188 ,
       0.9831154 , 0.98361201, 0.98410862, 0.98460522, 0.98510183,
       0.98559843, 0.98609504, 0.98659164, 0.98708825, 0.98758486,
       0.98808146, 0.98857807, 0.98907467, 0.98957128, 0.99006788,
       0.99056449, 0.9910611 , 0.9915577 , 0.99205431, 0.99255091,
       0.99304752, 0.99354413, 0.99404073, 0.99453734, 0.99503394,
       0.99553055, 0.99602715, 0.99652376, 0.99702037, 0.99751697,
       0.99801358, 0.99851018, 0.99900679, 0.99950339, 1.        ]))"
DecisionTree,0.841025641025641,0.841025641025641,"(np.float64(0.8256282051282051), np.float64(0.8564102564102564))",0.6292428198433421,0.6311678298977439,"(np.float64(0.580994513423538), np.float64(0.680126115305422))",0.7610157940952511,0.7617878596760121,"(np.float64(0.7363721373023446), np.float64(0.7866112125219863))","[[1399  168]
 [ 142  241]]","[0.         0.00502513 0.01005025 0.01507538 0.0201005  0.02512563
 0.03015075 0.03517588 0.04020101 0.04522613 0.05025126 0.05527638
 0.06030151 0.06532663 0.07035176 0.07537688 0.08040201 0.08542714
 0.09045226 0.09547739 0.10050251 0.10552764 0.11055276 0.11557789
 0.12060302 0.12562814 0.13065327 0.13567839 0.14070352 0.14572864
 0.15075377 0.15577889 0.16080402 0.16582915 0.17085427 0.1758794
 0.18090452 0.18592965 0.19095477 0.1959799  0.20100503 0.20603015
 0.21105528 0.2160804  0.22110553 0.22613065 0.23115578 0.2361809
 0.24120603 0.24623116 0.25125628 0.25628141 0.26130653 0.26633166
 0.27135678 0.27638191 0.28140704 0.28643216 0.29145729 0.29648241
 0.30150754 0.30653266 0.31155779 0.31658291 0.32160804 0.32663317
 0.33165829 0.33668342 0.34170854 0.34673367 0.35175879 0.35678392
 0.36180905 0.36683417 0.3718593  0.37688442 0.38190955 0.38693467
 0.3919598  0.39698492 0.40201005 0.40703518 0.4120603  0.41708543
 0.42211055 0.42713568 0.4321608  0.43718593 0.44221106 0.44723618
 0.45226131 0.45728643 0.46231156 0.46733668 0.47236181 0.47738693
 0.48241206 0.48743719 0.49246231 0.49748744 0.50251256 0.50753769
 0.51256281 0.51758794 0.52261307 0.52763819 0.53266332 0.53768844
 0.54271357 0.54773869 0.55276382 0.55778894 0.56281407 0.5678392
 0.57286432 0.57788945 0.58291457 0.5879397  0.59296482 0.59798995
 0.60301508 0.6080402  0.61306533 0.61809045 0.62311558 0.6281407
 0.63316583 0.63819095 0.64321608 0.64824121 0.65326633 0.65829146
 0.66331658 0.66834171 0.67336683 0.67839196 0.68341709 0.68844221
 0.69346734 0.69849246 0.70351759 0.70854271 0.71356784 0.71859296
 0.72361809 0.72864322 0.73366834 0.73869347 0.74371859 0.74874372
 0.75376884 0.75879397 0.7638191  0.76884422 0.77386935 0.77889447
 0.7839196  0.78894472 0.79396985 0.79899497 0.8040201  0.80904523
 0.81407035 0.81909548 0.8241206  0.82914573 0.83417085 0.83919598
 0.84422111 0.84924623 0.85427136 0.85929648 0.86432161 0.86934673
 0.87437186 0.87939698 0.88442211 0.88944724 0.89447236 0.89949749
 0.90452261 0.90954774 0.91457286 0.91959799 0.92462312 0.92964824
 0.93467337 0.93969849 0.94472362 0.94974874 0.95477387 0.95979899
 0.96482412 0.96984925 0.97487437 0.9798995  0.98492462 0.98994975
 0.99497487 1.        ]","[0.         0.02941366 0.05882732 0.08824098 0.11765464 0.1470683
 0.17648196 0.20589562 0.23530929 0.26472295 0.29413661 0.32355027
 0.35296393 0.38237759 0.41179125 0.44120491 0.47061857 0.50003223
 0.52944589 0.55885955 0.58778778 0.61174946 0.62468467 0.63133279
 0.63613931 0.63892953 0.6411525  0.64322677 0.64530103 0.64737529
 0.64944956 0.65152382 0.65359808 0.65567235 0.65774661 0.65982087
 0.66189513 0.6639694  0.66604366 0.66811792 0.67019219 0.67226645
 0.67434071 0.67641497 0.67848924 0.6805635  0.68263776 0.68471203
 0.68678629 0.68886055 0.69093482 0.69300908 0.69508334 0.6971576
 0.69923187 0.70130613 0.70338039 0.70545466 0.70752892 0.70960318
 0.71167745 0.71375171 0.71582597 0.71790023 0.7199745  0.72204876
 0.72412302 0.72619729 0.72827155 0.73034581 0.73242008 0.73449434
 0.7365686  0.73864286 0.74071713 0.74279139 0.74486565 0.74693992
 0.74901418 0.75108844 0.75316271 0.75523697 0.75731123 0.75938549
 0.76145976 0.76353402 0.76560828 0.76768255 0.76975681 0.77183107
 0.77390534 0.7759796  0.77805386 0.78012812 0.78220239 0.78427665
 0.78635091 0.78842518 0.79049944 0.7925737  0.79464796 0.79672223
 0.79879649 0.80087075 0.80294502 0.80501928 0.80709354 0.80916781
 0.81124207 0.81331633 0.81539059 0.81746486 0.81953912 0.82161338
 0.82368765 0.82576191 0.82783617 0.82991044 0.8319847  0.83405896
 0.83613322 0.83820749 0.84028175 0.84235601 0.84443028 0.84650454
 0.8485788  0.85065307 0.85272733 0.85480159 0.85687585 0.85895012
 0.86102438 0.86309864 0.86517291 0.86724717 0.86932143 0.8713957
 0.87346996 0.87554422 0.87761848 0.87969275 0.88176701 0.88384127
 0.88591554 0.8879898  0.89006406 0.89213832 0.89421259 0.89628685
 0.89836111 0.90043538 0.90250964 0.9045839  0.90665817 0.90873243
 0.91080669 0.91288095 0.91495522 0.91702948 0.91910374 0.92117801
 0.92325227 0.92532653 0.9274008  0.92947506 0.93154932 0.93362358
 0.93569785 0.93777211 0.93984637 0.94192064 0.9439949  0.94606916
 0.94814343 0.95021769 0.95229195 0.95436621 0.95644048 0.95851474
 0.960589   0.96266327 0.96473753 0.96681179 0.96888606 0.97096032
 0.97303458 0.97510884 0.97718311 0.97925737 0.98133163 0.9834059
 0.98548016 0.98755442 0.98962869 0.99170295 0.99377721 0.99585147
 0.99792574 1.        ]","(array([0.        , 0.02554533, 0.05109067, 0.076636  , 0.10218133,
       0.12772666, 0.153272  , 0.17881733, 0.20436266, 0.22990799,
       0.25545333, 0.28099866, 0.30654399, 0.33208932, 0.35763466,
       0.38317999, 0.40872532, 0.43427065, 0.45981599, 0.48536132,
       0.51090665, 0.53645198, 0.55898891, 0.57694001, 0.58514304,
       0.58804772, 0.59041526, 0.59322135, 0.59558634, 0.59795133,
       0.60031632, 0.60268131, 0.60504631, 0.6074113 , 0.60977629,
       0.61214128, 0.61450628, 0.61687127, 0.61923626, 0.62160125,
       0.62396624, 0.62633124, 0.62869623, 0.63106122, 0.63342621,
       0.63579121, 0.6381562 , 0.64052119, 0.64288618, 0.64525117,
       0.64761617, 0.64998116, 0.65234615, 0.65471114, 0.65707613,
       0.65944113, 0.66180612, 0.66417111, 0.6665361 , 0.6689011 ,
       0.67126609, 0.67363108, 0.67599607, 0.67836106, 0.68072606,
       0.68309105, 0.68545604, 0.68782103, 0.69018603, 0.69255102,
       0.69491601, 0.697281  , 0.69964599, 0.70201099, 0.70437598,
       0.70674097, 0.70910596, 0.71147095, 0.71383595, 0.71620094,
       0.71856593, 0.72093092, 0.72329592, 0.72566091, 0.7280259 ,
       0.73039089, 0.73275588, 0.73512088, 0.73748587, 0.73985086,
       0.74221585, 0.74458085, 0.74694584, 0.74931083, 0.75167582,
       0.75404081, 0.75640581, 0.7587708 , 0.76113579, 0.76350078,
       0.76586577, 0.76823077, 0.77059576, 0.77296075, 0.77532574,
       0.77769074, 0.78005573, 0.78242072, 0.78478571, 0.7871507 ,
       0.7895157 , 0.79188069, 0.79424568, 0.79661067, 0.79897567,
       0.80134066, 0.80370565, 0.80607064, 0.80843563, 0.81080063,
       0.81316562, 0.81553061, 0.8178956 , 0.82026059, 0.82262559,
       0.82499058, 0.82735557, 0.82972056, 0.83208556, 0.83445055,
       0.83681554, 0.83918053, 0.84154552, 0.84391052, 0.84627551,
       0.8486405 , 0.85100549, 0.85337049, 0.85573548, 0.85810047,
       0.86046546, 0.86283045, 0.86519545, 0.86756044, 0.86992543,
       0.87229042, 0.87465541, 0.87702041, 0.8793854 , 0.88175039,
       0.88411538, 0.88648038, 0.88884537, 0.89121036, 0.89357535,
       0.89594034, 0.89830534, 0.90067033, 0.90303532, 0.90540031,
       0.90776531, 0.9101303 , 0.91249529, 0.91486028, 0.91722527,
       0.91959027, 0.92195526, 0.92432025, 0.92668524, 0.92905023,
       0.93141523, 0.93378022, 0.93614521, 0.9385102 , 0.9408752 ,
       0.94324019, 0.94560518, 0.94797017, 0.95033516, 0.95270016,
       0.95506515, 0.95743014, 0.95979513, 0.96216013, 0.96452512,
       0.96689011, 0.9692551 , 0.97162009, 0.97398509, 0.97635008,
       0.97871507, 0.98108006, 0.98344505, 0.98581005, 0.98817504,
       0.99054003, 0.99290502, 0.99527002, 0.99763501, 1.        ]), array([0.        , 0.03454283, 0.06908566, 0.10362849, 0.13817132,
       0.17271414, 0.20725697, 0.2417998 , 0.27634263, 0.31088546,
       0.34542829, 0.37997112, 0.41451395, 0.44905678, 0.4835996 ,
       0.51814243, 0.55268526, 0.58722809, 0.61978478, 0.64805649,
       0.66063708, 0.67032145, 0.6783747 , 0.68255415, 0.68435782,
       0.68616149, 0.68796516, 0.68976883, 0.6915725 , 0.69337617,
       0.69517984, 0.69698351, 0.69878718, 0.70059085, 0.70239452,
       0.70419819, 0.70600186, 0.70780553, 0.7096092 , 0.71141287,
       0.71321654, 0.71502021, 0.71682388, 0.71862755, 0.72043122,
       0.72223489, 0.72403855, 0.72584222, 0.72764589, 0.72944956,
       0.73125323, 0.7330569 , 0.73486057, 0.73666424, 0.73846791,
       0.74027158, 0.74207525, 0.74387892, 0.74568259, 0.74748626,
       0.74928993, 0.7510936 , 0.75289727, 0.75470094, 0.75650461,
       0.75830828, 0.76011195, 0.76191562, 0.76371929, 0.76552296,
       0.76732662, 0.76913029, 0.77093396, 0.77273763, 0.7745413 ,
       0.77634497, 0.77814864, 0.77995231, 0.78175598, 0.78355965,
       0.78536332, 0.78716699, 0.78897066, 0.79077433, 0.792578  ,
       0.79438167, 0.79618534, 0.79798901, 0.79979268, 0.80159635,
       0.80340002, 0.80520369, 0.80700736, 0.80881102, 0.81061469,
       0.81241836, 0.81422203, 0.8160257 , 0.81782937, 0.81963304,
       0.82143671, 0.82324038, 0.82504405, 0.82684772, 0.82865139,
       0.83045506, 0.83225873, 0.8340624 , 0.83586607, 0.83766974,
       0.83947341, 0.84127708, 0.84308075, 0.84488442, 0.84668809,
       0.84849176, 0.85029543, 0.85209909, 0.85390276, 0.85570643,
       0.8575101 , 0.85931377, 0.86111744, 0.86292111, 0.86472478,
       0.86652845, 0.86833212, 0.87013579, 0.87193946, 0.87374313,
       0.8755468 , 0.87735047, 0.87915414, 0.88095781, 0.88276148,
       0.88456515, 0.88636882, 0.88817249, 0.88997616, 0.89177983,
       0.89358349, 0.89538716, 0.89719083, 0.8989945 , 0.90079817,
       0.90260184, 0.90440551, 0.90620918, 0.90801285, 0.90981652,
       0.91162019, 0.91342386, 0.91522753, 0.9170312 , 0.91883487,
       0.92063854, 0.92244221, 0.92424588, 0.92604955, 0.92785322,
       0.92965689, 0.93146056, 0.93326423, 0.9350679 , 0.93687156,
       0.93867523, 0.9404789 , 0.94228257, 0.94408624, 0.94588991,
       0.94769358, 0.94949725, 0.95130092, 0.95310459, 0.95490826,
       0.95671193, 0.9585156 , 0.96031927, 0.96212294, 0.96392661,
       0.96573028, 0.96753395, 0.96933762, 0.97114129, 0.97294496,
       0.97474863, 0.9765523 , 0.97835597, 0.98015963, 0.9819633 ,
       0.98376697, 0.98557064, 0.98737431, 0.98917798, 0.99098165,
       0.99278532, 0.99458899, 0.99639266, 0.99819633, 1.        ]))"
RandomForest,0.88,0.88,"(np.float64(0.8651282051282051), np.float64(0.8953846153846153))",0.5378590078328982,0.5397042835399,"(np.float64(0.48648465041128086), np.float64(0.5897519582245431))",0.9139922454141473,0.914254629727017,"(np.float64(0.898214537517339), np.float64(0.9291504852819276))","[[1510   57]
 [ 177  206]]","[0.         0.00502513 0.01005025 0.01507538 0.0201005  0.02512563
 0.03015075 0.03517588 0.04020101 0.04522613 0.05025126 0.05527638
 0.06030151 0.06532663 0.07035176 0.07537688 0.08040201 0.08542714
 0.09045226 0.09547739 0.10050251 0.10552764 0.11055276 0.11557789
 0.12060302 0.12562814 0.13065327 0.13567839 0.14070352 0.14572864
 0.15075377 0.15577889 0.16080402 0.16582915 0.17085427 0.1758794
 0.18090452 0.18592965 0.19095477 0.1959799  0.20100503 0.20603015
 0.21105528 0.2160804  0.22110553 0.22613065 0.23115578 0.2361809
 0.24120603 0.24623116 0.25125628 0.25628141 0.26130653 0.26633166
 0.27135678 0.27638191 0.28140704 0.28643216 0.29145729 0.29648241
 0.30150754 0.30653266 0.31155779 0.31658291 0.32160804 0.32663317
 0.33165829 0.33668342 0.34170854 0.34673367 0.35175879 0.35678392
 0.36180905 0.36683417 0.3718593  0.37688442 0.38190955 0.38693467
 0.3919598  0.39698492 0.40201005 0.40703518 0.4120603  0.41708543
 0.42211055 0.42713568 0.4321608  0.43718593 0.44221106 0.44723618
 0.45226131 0.45728643 0.46231156 0.46733668 0.47236181 0.47738693
 0.48241206 0.48743719 0.49246231 0.49748744 0.50251256 0.50753769
 0.51256281 0.51758794 0.52261307 0.52763819 0.53266332 0.53768844
 0.54271357 0.54773869 0.55276382 0.55778894 0.56281407 0.5678392
 0.57286432 0.57788945 0.58291457 0.5879397  0.59296482 0.59798995
 0.60301508 0.6080402  0.61306533 0.61809045 0.62311558 0.6281407
 0.63316583 0.63819095 0.64321608 0.64824121 0.65326633 0.65829146
 0.66331658 0.66834171 0.67336683 0.67839196 0.68341709 0.68844221
 0.69346734 0.69849246 0.70351759 0.70854271 0.71356784 0.71859296
 0.72361809 0.72864322 0.73366834 0.73869347 0.74371859 0.74874372
 0.75376884 0.75879397 0.7638191  0.76884422 0.77386935 0.77889447
 0.7839196  0.78894472 0.79396985 0.79899497 0.8040201  0.80904523
 0.81407035 0.81909548 0.8241206  0.82914573 0.83417085 0.83919598
 0.84422111 0.84924623 0.85427136 0.85929648 0.86432161 0.86934673
 0.87437186 0.87939698 0.88442211 0.88944724 0.89447236 0.89949749
 0.90452261 0.90954774 0.91457286 0.91959799 0.92462312 0.92964824
 0.93467337 0.93969849 0.94472362 0.94974874 0.95477387 0.95979899
 0.96482412 0.96984925 0.97487437 0.9798995  0.98492462 0.98994975
 0.99497487 1.        ]","[0.         0.31805604 0.41351905 0.46189321 0.49300873 0.51355307
 0.52963937 0.54337178 0.55870838 0.57850176 0.5947559  0.60717331
 0.61936472 0.63888557 0.66122602 0.68120714 0.69624792 0.70557732
 0.71333276 0.72338945 0.73355936 0.74769832 0.75820628 0.76747394
 0.77563199 0.78371993 0.78937995 0.7951661  0.79950744 0.80328243
 0.80687258 0.80988107 0.81444541 0.82071768 0.82608696 0.83100149
 0.83708404 0.84253619 0.84820301 0.85235208 0.85714286 0.86094797
 0.86469735 0.8669694  0.86956522 0.87159297 0.87435107 0.87628929
 0.87958115 0.88328107 0.88722987 0.89006856 0.89290059 0.89498301
 0.89655172 0.8979315  0.9005052  0.90231515 0.90313828 0.90508849
 0.90645054 0.90804834 0.90892985 0.9103658  0.91255684 0.91338583
 0.91428571 0.9159058  0.91691066 0.91862917 0.92065216 0.92332807
 0.92579549 0.92751911 0.92972851 0.93170221 0.93418135 0.93593292
 0.93826637 0.94103592 0.94397851 0.94735694 0.95027223 0.95351539
 0.95637372 0.95907369 0.96112047 0.96326949 0.96533668 0.9672856
 0.96906511 0.9715296  0.973679   0.97553536 0.97745144 0.9792297
 0.98071611 0.98199735 0.98348505 0.98510823 0.98656121 0.98780244
 0.9889583  0.98990951 0.99104857 0.99189036 0.99213629 0.99221789
 0.99232737 0.99252879 0.99339435 0.99429385 0.99459068 0.9948597
 0.99569764 0.99682813 0.99723755 0.99736495 0.99740933 0.9974359
 0.99744246 0.99744898 0.99744898 0.99745223 0.99745223 0.99745223
 0.99745223 0.99745223 0.99745223 0.99745223 0.99745223 0.99745223
 0.99745223 0.99745223 0.99745223 0.99745223 0.99745223 0.99745547
 0.99746514 0.99748427 0.99751612 0.99756098 0.99769606 0.99791585
 0.99815805 0.99843627 0.99869914 0.99894731 0.99921335 0.99948662
 0.99974706 1.         1.         1.         1.         1.
 1.         1.         1.         1.         1.         1.
 1.         1.         1.         1.         1.         1.
 1.         1.         1.         1.         1.         1.
 1.         1.         1.         1.         1.         1.
 1.         1.         1.         1.         1.         1.
 1.         1.         1.         1.         1.         1.
 1.         1.         1.         1.         1.         1.
 1.         1.        ]","(array([0.        , 0.244647  , 0.31811715, 0.38927224, 0.43082871,
       0.44917371, 0.46637093, 0.48036844, 0.4945687 , 0.51493517,
       0.53211627, 0.54863529, 0.56313699, 0.57680973, 0.59028295,
       0.61249898, 0.63236893, 0.65173677, 0.66222103, 0.67062936,
       0.67630438, 0.68991171, 0.70067005, 0.71431705, 0.72380696,
       0.73389126, 0.74197246, 0.74943145, 0.75359501, 0.75689288,
       0.76384435, 0.76881301, 0.77179535, 0.77483523, 0.78001021,
       0.78738114, 0.79220142, 0.79820017, 0.80183902, 0.81067546,
       0.81589782, 0.82145315, 0.82419469, 0.82864737, 0.83141746,
       0.83218355, 0.8326748 , 0.83542476, 0.84050223, 0.84425869,
       0.84772301, 0.85122368, 0.85418186, 0.85853073, 0.86322732,
       0.86565211, 0.86624623, 0.86970464, 0.87184931, 0.87222478,
       0.87434096, 0.87717547, 0.87873847, 0.88038819, 0.88212784,
       0.88375368, 0.88469068, 0.88669692, 0.88786228, 0.88910454,
       0.89174509, 0.89466256, 0.8962341 , 0.89909574, 0.90204396,
       0.90505266, 0.90826717, 0.91047218, 0.91288463, 0.91552319,
       0.91779034, 0.92070955, 0.92379893, 0.92664639, 0.92928468,
       0.93349905, 0.93818049, 0.94171369, 0.94396025, 0.94552584,
       0.94814089, 0.95066579, 0.95330613, 0.95569933, 0.95893737,
       0.96114094, 0.96364455, 0.96609097, 0.96863193, 0.97109292,
       0.97234709, 0.97431704, 0.97580302, 0.97665963, 0.97851176,
       0.97970436, 0.98113208, 0.98198079, 0.98216803, 0.98231949,
       0.98261994, 0.98305848, 0.98427155, 0.98490786, 0.98568711,
       0.98695373, 0.98839871, 0.98924731, 0.98975605, 0.9900103 ,
       0.99066456, 0.99113225, 0.99113834, 0.99113834, 0.99113834,
       0.99113834, 0.99113834, 0.99113834, 0.99113834, 0.99113834,
       0.99113834, 0.99113834, 0.99113834, 0.99113834, 0.99113834,
       0.99113834, 0.99113834, 0.99113834, 0.99113834, 0.99113834,
       0.99113834, 0.99133299, 0.99166495, 0.99182893, 0.99202601,
       0.99269995, 0.99340557, 0.99414107, 0.99483243, 0.99561539,
       0.99636073, 0.99714041, 0.99777718, 0.99836547, 0.99888264,
       0.9993676 , 0.999903  , 1.        , 1.        , 1.        ,
       1.        , 1.        , 1.        , 1.        , 1.        ,
       1.        , 1.        , 1.        , 1.        , 1.        ,
       1.        , 1.        , 1.        , 1.        , 1.        ,
       1.        , 1.        , 1.        , 1.        , 1.        ,
       1.        , 1.        , 1.        , 1.        , 1.        ,
       1.        , 1.        , 1.        , 1.        , 1.        ,
       1.        , 1.        , 1.        , 1.        , 1.        ,
       1.        , 1.        , 1.        , 1.        , 1.        ]), array([0.        , 0.42439202, 0.49172643, 0.52758006, 0.55608207,
       0.57453755, 0.59090909, 0.61089315, 0.62632688, 0.64387655,
       0.65327226, 0.66916314, 0.68917007, 0.70837294, 0.73013346,
       0.74340684, 0.75387331, 0.76154938, 0.7711942 , 0.78108662,
       0.79198896, 0.80557254, 0.81163752, 0.81951962, 0.82453905,
       0.83316952, 0.83944401, 0.84143227, 0.84488844, 0.8480131 ,
       0.85072559, 0.85712787, 0.86086026, 0.86549469, 0.87289299,
       0.87801458, 0.8811532 , 0.88537507, 0.88887789, 0.89211406,
       0.89516285, 0.90095925, 0.90107151, 0.90231682, 0.90380074,
       0.90555115, 0.90661437, 0.90965275, 0.91296668, 0.91717247,
       0.91945674, 0.92262857, 0.92358283, 0.92503027, 0.9262596 ,
       0.92802218, 0.92865716, 0.93050498, 0.93311043, 0.93395831,
       0.93538973, 0.93614412, 0.93643771, 0.93809129, 0.93886416,
       0.94063298, 0.94218084, 0.94318014, 0.94378765, 0.94602291,
       0.94808027, 0.95040947, 0.95200254, 0.95352719, 0.95456079,
       0.95601302, 0.95819896, 0.96039112, 0.96332856, 0.96621946,
       0.96890804, 0.97145263, 0.97382081, 0.97554875, 0.97644872,
       0.97795742, 0.9790801 , 0.98115257, 0.98265208, 0.98426682,
       0.98631837, 0.98773037, 0.98937652, 0.99018096, 0.99166489,
       0.99243289, 0.99332527, 0.99431282, 0.99500102, 0.99631453,
       0.99730493, 0.99741446, 0.99754902, 0.9981366 , 0.99925393,
       1.        , 1.        , 1.        , 1.        , 1.        ,
       1.        , 1.        , 1.        , 1.        , 1.        ,
       1.        , 1.        , 1.        , 1.        , 1.        ,
       1.        , 1.        , 1.        , 1.        , 1.        ,
       1.        , 1.        , 1.        , 1.        , 1.        ,
       1.        , 1.        , 1.        , 1.        , 1.        ,
       1.        , 1.        , 1.        , 1.        , 1.        ,
       1.        , 1.        , 1.        , 1.        , 1.        ,
       1.        , 1.        , 1.        , 1.        , 1.        ,
       1.        , 1.        , 1.        , 1.        , 1.        ,
       1.        , 1.        , 1.        , 1.        , 1.        ,
       1.        , 1.        , 1.        , 1.        , 1.        ,
       1.        , 1.        , 1.        , 1.        , 1.        ,
       1.        , 1.        , 1.        , 1.        , 1.        ,
       1.        , 1.        , 1.        , 1.        , 1.        ,
       1.        , 1.        , 1.        , 1.        , 1.        ,
       1.        , 1.        , 1.        , 1.        , 1.        ,
       1.        , 1.        , 1.        , 1.        , 1.        ,
       1.        , 1.        , 1.        , 1.        , 1.        ]))"
